test,status,max_abs_rel_error,rms_rel_error,factors
mean_only,REJECTED,0.04003475833553667,0.029855099688171047,"[1.0001980117556826, 1.0001980117556826, 1.0001980117556826]"
mean_plus_slope,REJECTED,0.010326159260202474,0.0072830563229957295,"[0.9650999525067503, 1.0001980117556826, 1.0365724919181605]"
mean_plus_curvature,REJECTED,0.036367279013711076,0.029177417293696835,"[1.0053488507910808, 0.9899753684375191, 1.0053488507910808]"
full_3_basis_target_reconstruction,TARGET_RECONSTRUCTION_QUARANTINE,0.0,0.0,"[0.9700700428788626, 0.9899753684375191, 1.0419106529539137]"
