ratio,apf_trace_ratio,pdg_pole_ratio,relative_difference
mu_over_e,202.6108159240458,206.76828298766566,-0.02010688971996666
tau_over_mu,15.979393850422063,16.817691844978253,-0.049846197818549265
tau_over_e,3237.598026005694,3477.36526660182,-0.06895083553601877
