{
  "status": "P_ew_trace_sector_closure",
  "version": "v22_0",
  "apf_version": "22.0.0",
  "pass_status": "EW_TRACE_SECTOR_CLOSURE_PASS",
  "sin2_theta_trace": 0.23076923076923078,
  "cos2_theta_trace": 0.7692307692307693,
  "tan2_theta_trace": 0.3,
  "gprime_over_g_trace": 0.5477225575051661,
  "m_w_trace_gev": 80.362164334,
  "m_w_dizet_apf_input_gev": 80.35734107757808,
  "dizet_minus_apf_mev": -4.823256421914834,
  "abs_dizet_apf_mev": 4.823256421914834,
  "sigma_input_plus_theory_mev": 4.424866188882492,
  "pull_input_plus_theory": 1.0900344137034699,
  "delta_r_dizet_apf_input": 0.036501785659414865,
  "delta_r_ledger_sum": 0.036501785659414865,
  "delta_r_ledger_residual": 0.0,
  "m_z_external_gev": 91.1876,
  "wz_ratio_bridge": 0.8812839062986634,
  "sw2_onshell_bridge": 0.22333867649896866,
  "pdg_msbar_sin2z_context": 0.23129,
  "pdg_onshell_sw2_context": 0.22348,
  "trace_to_msbar_sin2_offset": -0.0005207692307692136,
  "bridge_to_onshell_offset": -0.00014132350103135405,
  "closed_claim": "EW trace sector closes at mixing/coupling-ratio/W-export-candidate level.",
  "open_boundary": "Full APF-native EW loop derivation and MZ physical export remain downstream."
}