quantity,value
Delta_alpha,0.05907386039640014
rho_leading_branch,-0.03245296961530258
native_partial_delta_r,0.026620890781097563
counterterm_target_delta_r,0.009880894878317302
target_closed_delta_r,0.036501785659414865
DIZET_delta_r_total,0.036501785659414865
target_closure_residual,0.0
native_open_gap,0.009880894878317302
