quark,apf_trace_mev,pdg_msbar_2gev_mev,pdg_uncertainty_mev_90cl,residual_mev,relative_residual,quoted_90cl_scale_pull,one_sigma_rescaled_pull_if_gaussian,direct_msbar_2gev_export_status
u,1.1532098523996768,2.16,0.07,-1.0067901476003234,-0.46610654981496447,-14.382716394290332,-23.659568468607596,KNOCKOUT
d,3.870916422333882,4.7,0.07,-0.8290835776661183,-0.1764007612055571,-11.844051109515975,-19.483464075153776,KNOCKOUT
s,87.14328163365067,93.5,0.8,-6.356718366349327,-0.06798629268822809,-7.945897957936658,-13.071002140805803,KNOCKOUT
