{
  "package": "APF_v43_QED_SCALAR_NORMALIZATION_AND_COUNT_SOURCE",
  "status": "CHARGED_LEPTON_QED_SCALAR_NORMALIZATION_COUNT_SOURCE_PASS",
  "theorem": "APF charged-lepton QED scalar normalization and count-source witness",
  "claim": "v43 adds an APF-count scalar normalization eta0=1/5063 to the v42 generation-shape witness, reducing the diagnostic pole residuals below 1e-3 percent without using pole masses as inputs.",
  "source_inputs": {
    "P_l_pole_LO_v41_GeV": [
      0.0005267650039821162,
      0.10672828725704815,
      1.7054533370613425
    ],
    "APF_counts": {
      "K_SM": 61,
      "K_Lambda": 42,
      "K_c": 16,
      "K_b": 3,
      "N_gen": 3,
      "N_c": 3,
      "N_H": 4,
      "d_adj_SU3": 8
    },
    "basis": {
      "I": [
        1,
        1,
        1
      ],
      "H1": [
        -1,
        0,
        1
      ],
      "H2": [
        1,
        -2,
        1
      ]
    }
  },
  "count_source": {
    "D0_scalar": 5063,
    "D0_formula": "K_SM*(K_SM+K_c+K_b+N_gen)",
    "eta0": "1/5063",
    "eta0_float": 0.00019751135690302193,
    "D1_shape": 28,
    "eta1": "1/28",
    "eta1_float": 0.03571428571428571,
    "eta1_formula": "1/(K_c+K_b+N_gen*N_c)",
    "D2_shape": 584,
    "eta2": "3/584",
    "eta2_float": 0.005136986301369863,
    "eta2_formula": "K_b/((N_c^2-1)*(K_SM+N_gen*N_H))"
  },
  "forbidden_inverse_diagnostic": {
    "pole_reference_GeV": [
      0.00051099895,
      0.1056583755,
      1.77693
    ],
    "log_coefficients": {
      "zeta0": 0.00019799215392433608,
      "zeta1": 0.03572159743370476,
      "zeta2": 0.005136604341552455
    },
    "zeta0_minus_eta0": 4.807970213141499e-07,
    "status": "diagnostic_only_forbidden_as_source"
  },
  "new_witness": {
    "Z_shape_factors_v42": [
      0.9698854575930389,
      0.9897786243730395,
      1.0416971645041568
    ],
    "Z_scalar_factor": 1.0001975308635553,
    "Z_total_factors_v43": [
      0.970077039905027,
      0.9899741361994405,
      1.0419029318446245
    ],
    "P_l_v43_GeV": [
      0.0005110026357885311,
      0.105658243985342,
      1.7769168320084112
    ],
    "P_l_v43_MeV": [
      0.5110026357885311,
      105.658243985342,
      1776.9168320084111
    ],
    "determinant_shape_part": true,
    "scalar_normalized": true
  },
  "diagnostic_only_external_comparison": {
    "pole_reference_GeV": [
      0.00051099895,
      0.1056583755,
      1.77693
    ],
    "absolute_residual_GeV": [
      3.6857885310449465e-09,
      -1.3151465799721151e-07,
      -1.316799158868065e-05
    ],
    "relative_residual_percent": [
      0.0007212908228177271,
      -0.00012447158814893146,
      -0.0007410529164728296
    ],
    "max_abs_relative_residual_percent": 0.0007410529164728296,
    "residual_spread_percent": 0.0014623437392905568,
    "note": "external pole masses are used after eta0, eta1, eta2 are fixed; they do not define the coefficients"
  },
  "improvement": {
    "v42_relative_residual_percent": [
      -0.019028036908166436,
      -0.019873632287933072,
      -0.02049009184645948
    ],
    "v42_max_abs_relative_residual_percent": 0.02049009184645948,
    "v43_max_abs_relative_residual_percent": 0.0007410529164728296,
    "max_residual_improvement_factor": 27.649971265190672
  },
  "still_open": {
    "forced_denominator_proof_strength": "D0 is banked as a count-source witness; publication proof should further justify why no adjacent scalar count envelope is admissible",
    "numeric_trace_covariance": "deferred until Sigma_d/Sigma_l imported",
    "QED_running_codomain": "MSbar(mu) requires QED constants, thresholds, loop order, convention",
    "residual_band": "sub-1e-3 percent residual assigned to covariance/running channel",
    "physical_final": "not claimed"
  },
  "forbidden_inputs_not_used": [
    "m_e_pole_as_source",
    "m_mu_pole_as_source",
    "m_tau_pole_as_source",
    "least_squares_fit_to_target_vector",
    "inverse_solution_for_eta0_from_targets",
    "PDG_or_world_average_fit"
  ],
  "gate_status": {
    "G1_CODOMAIN_DECLARED": "inherited pole-LO codomain; running codomain open",
    "G2_TRANSPORT_MAP": "v43 scalar-normalized witness transport map supplied at C_count_witness status",
    "G3_CONSTANTS_LEDGER": "APF count ledger declared; QED constants not yet invoked",
    "G4_COVARIANCE": "formal residual/covariance channels named; numeric covariance still open",
    "G5_NO_SMUGGLING": "pass for witness; inverse scalar diagnostic quarantined",
    "G6_RESIDUAL_CHANNELS": "pass: residual band, covariance, and running-codomain channels named"
  },
  "promotion": {
    "before": "charged leptons: P_export_candidate^pole_LO + C_residual_shape^APF_count_witness / common scalar eta0 open",
    "after": "charged leptons: P_export_candidate^pole_LO + C_scalar_normalized^APF_count_witness / covariance and running codomain open",
    "not_claimed": [
      "P_physical_final",
      "P_QED_running_final",
      "zero residual",
      "target-fitted eta0"
    ]
  },
  "next_theorem": "APF_CHARGED_LEPTON_QED_COVARIANCE_AND_RUNNING_CODOMAIN_THEOREM",
  "checks_total": 163
}