{
  "stamp": "TOP_MSR_R_EVOLUTION_COEFFICIENT_INGESTION_EVALUATOR_PASS",
  "version": "v67",
  "m_t_MSR_Rstar_GeV": 168.1690557938,
  "R_star_GeV": 85.857222698385,
  "R_EW_GeV": 12.79003569131931,
  "alpha_s_MZ": 0.118,
  "alpha_s_Rstar_4loop": 0.11908461115886738,
  "alpha_s_REW_4loop": 0.16852900726201497,
  "delta_R_evolution_4loop_GeV": 4.547749855685982,
  "m_t_MSR_REW_4loop_GeV": 172.716805649486,
  "residual_vs_direct_audit_GeV": 0.15680564948598885,
  "z_vs_direct_sigma": 0.5058246757612543,
  "sigma_alpha_GeV": 0.043440042639360854,
  "sigma_gamma3_GeV": 0.0004149784376465959,
  "sigma_integration_GeV": 8.526512829121202e-14,
  "sigma_truncation_GeV": 0.018036289597432642,
  "sigma_combined_audit_GeV": 0.3135482694164579,
  "z_combined_audit": 0.5001005101314019,
  "loop_convergence": [
    {
      "loop_order": 1,
      "delta_GeV": 4.115816738146075,
      "m_t_MSR_REW_GeV": 172.28487253194606,
      "residual_vs_direct_GeV": -0.2751274680539382,
      "z_vs_direct_sigma": -0.8875079614643167
    },
    {
      "loop_order": 2,
      "delta_GeV": 4.547830504047322,
      "m_t_MSR_REW_GeV": 172.7168862978473,
      "residual_vs_direct_GeV": 0.1568862978473078,
      "z_vs_direct_sigma": 0.506084831765509
    },
    {
      "loop_order": 3,
      "delta_GeV": 4.565786145283413,
      "m_t_MSR_REW_GeV": 172.73484193908342,
      "residual_vs_direct_GeV": 0.1748419390834215,
      "z_vs_direct_sigma": 0.5640062551078113
    },
    {
      "loop_order": 4,
      "delta_GeV": 4.547749855685982,
      "m_t_MSR_REW_GeV": 172.716805649486,
      "residual_vs_direct_GeV": 0.15680564948598885,
      "z_vs_direct_sigma": 0.5058246757612543
    }
  ],
  "pole_branch_blocked_GeV": 174.016604383647,
  "codomain": "MSR(R_EW)",
  "physical_final_assigned": false,
  "pole_final_assigned": false,
  "MC_equality_assigned": false,
  "numeric_R_evolution_evaluator_closed": true,
  "threshold_crossed": false,
  "nf_fixed": 5
}