{
  "stamp": "TOP_CODOMAIN_DIAGNOSIS_AND_MSR_REPAIR_PASS",
  "claim_status": {
    "closed": "v61 pole promotion failure diagnosed as codomain mismatch for direct/MC audit; pole branch quarantined",
    "conditional_witness": "EW-resolution finite-MSR scale R_EW=M_W/(2*pi) gives direct-codomain witness",
    "not_claimed": [
      "physical_final",
      "exact_pole",
      "MC_equality",
      "full_R_evolution_final",
      "target_fitted_R"
    ]
  },
  "inputs": {
    "m_MSR_Rstar_GeV": 168.1690557938,
    "Rstar_GeV": 85.8572226983853,
    "M_W_trace_GeV": 80.362164334,
    "alpha_s_MZ": 0.118,
    "MZ_GeV": 91.1876,
    "nf": 5,
    "loop_order": 4,
    "audit_direct_GeV": 172.56,
    "audit_direct_sigma_GeV": 0.31
  },
  "v61_pole_branch": {
    "delta_pole_Rstar_GeV": 5.847548589847298,
    "m_pole_4loop_GeV": 174.0166043836473,
    "residual_vs_direct_GeV": 1.4566043836472886,
    "z_vs_direct": 4.69872381821706,
    "status": "KNOCKOUT_FOR_DIRECT_MC_CODOMAIN; not a proof against MSR object"
  },
  "ew_resolution_msr_repair_witness": {
    "R_EW_GeV": 12.79003569131931,
    "definition": "M_W_TRACE/(2*pi)",
    "counterterm_R_EW_GeV": 1.4518499729397307,
    "alpha_s_R_EW": 0.16852900726201442,
    "m_MSR_R_EW_GeV": 172.56475441070756,
    "residual_vs_direct_GeV": 0.004754410707562329,
    "z_vs_direct": 0.015336808734072028,
    "residual_MeV": 4.754410707562329,
    "status": "CONDITIONAL_EW_RESOLUTION_WITNESS; requires independent R_EW theorem and full R-evolution ledger for final"
  },
  "forbidden_target_fit_diagnostic": {
    "R_fit_GeV": 12.854642726178938,
    "counterterm_R_fit_GeV": 1.4566043836472935,
    "R_fit_minus_R_EW_GeV": 0.06460703485962682,
    "relative_difference_percent": 0.5051356885851076,
    "note": "R_fit is reported only as forbidden diagnostic; it is not used to define R_EW or the route."
  },
  "candidate_scale_screen": [
    {
      "candidate": "M_W_trace_over_2pi",
      "R_GeV": 12.79003569131931,
      "alpha_s_R": 0.16852900726201442,
      "delta_GeV": 1.4518499729397307,
      "m_MSR_R_GeV": 172.56475441070756,
      "residual_vs_direct_GeV": 0.004754410707562329,
      "z_vs_direct": 0.015336808734072028
    },
    {
      "candidate": "Rstar_over_2pi",
      "R_GeV": 13.664601392589697,
      "alpha_s_R": 0.16610524540804197,
      "delta_GeV": 1.5158859443225952,
      "m_MSR_R_GeV": 172.5007184393247,
      "residual_vs_direct_GeV": -0.059281560675316314,
      "z_vs_direct": -0.19123084088811715
    },
    {
      "candidate": "M_Z_over_2pi",
      "R_GeV": 14.512957288686517,
      "alpha_s_R": 0.16396003950798993,
      "delta_GeV": 1.5773622954982252,
      "m_MSR_R_GeV": 172.43924208814906,
      "residual_vs_direct_GeV": -0.12075791185094431,
      "z_vs_direct": -0.38954165113207845
    },
    {
      "candidate": "M_W_trace_over_6",
      "R_GeV": 13.393694055666666,
      "alpha_s_R": 0.16683137773167964,
      "delta_GeV": 1.4961236312052866,
      "m_MSR_R_GeV": 172.520480752442,
      "residual_vs_direct_GeV": -0.03951924755799041,
      "z_vs_direct": -0.12748144373545295
    }
  ],
  "no_smuggling": "audit target not used in R_EW definition; target-fit scale quarantined as forbidden diagnostic"
}