{
  "stamp": "TOP_MSR_COEFFICIENT_INGESTION_EVALUATOR_PASS",
  "loop_order": 2,
  "alpha_beta_loops": 4,
  "alpha_s_Rstar": 0.11908461115886924,
  "m_MSR_Rstar_GeV": 168.1690557938,
  "Rstar_GeV": 85.8572226983853,
  "terms_GeV": [
    4.339316649273299,
    1.0160951410091728
  ],
  "delta_m_GeV": 5.3554117902824725,
  "m_pole_witness_GeV": 173.52446758408246,
  "normalization": "Delta m = R * sum_{n=1}^L c_n (alpha_s(R)/(4*pi))^n",
  "no_smuggling": "audit target not used in calculation",
  "audit_target_GeV": 172.56,
  "audit_residual_GeV": 0.9644675840824561
}