{
  "stamp": "TOP_MSR_COEFFICIENT_INGESTION_EVALUATOR_PASS",
  "loop_order": 1,
  "alpha_beta_loops": 4,
  "alpha_s_Rstar": 0.11908461115886924,
  "m_MSR_Rstar_GeV": 168.1690557938,
  "Rstar_GeV": 85.8572226983853,
  "terms_GeV": [
    4.339316649273299
  ],
  "delta_m_GeV": 4.339316649273299,
  "m_pole_witness_GeV": 172.50837244307328,
  "normalization": "Delta m = R * sum_{n=1}^L c_n (alpha_s(R)/(4*pi))^n",
  "no_smuggling": "audit target not used in calculation",
  "audit_target_GeV": 172.56,
  "audit_residual_GeV": -0.051627556926717943
}