Delta_alpha,rho_leading_branch,partial_native_delta_r,DIZET_remainder_target,rho_resummation_cross_target,finite_counterterm_target,target_only_delta_r,target_closed_delta_r,DIZET_delta_r_total,target_closure_residual,native_to_full_gap
0.05907386039640014,-0.03245296961530258,0.026620890781097563,0.011667933872161376,-0.0017870389938440742,0.009880894878317302,0.009880894878317302,0.036501785659414865,0.036501785659414865,0.0,0.009880894878317302
