lepton,Phi_v43_MeV,pole_reference_MeV,absolute_residual_MeV,relative_residual_percent,APF_envelope_percent,residual_over_envelope,covariance_status
e,0.511002635788531,0.510998950000000,3.685788531044946e-06,0.000721290822818,0.019751135690302,0.036518954359262,inside_APF_covariance_envelope
mu,105.658243985341997,105.658375500000005,-1.315146579972115e-04,-0.000124471588149,0.019751135690302,0.006301996507980,inside_APF_covariance_envelope
tau,1776.916832008411120,1776.929999999999836,-1.316799158868065e-02,-0.000741052916473,0.019751135690302,0.037519509161019,inside_APF_covariance_envelope
