lepton,Phi_v43_MeV,lo_qed_factor,lo_qed_running_witness_MeV,lo_qed_shift_percent,v48_status
e,0.5110026357885311,0.997682563522362,0.5098184196401856,-0.23174364776380463,inherited_v47_LO_numeric_witness
mu,105.658243985342,0.997682563522362,105.41338771656719,-0.23174364776380463,inherited_v47_LO_numeric_witness
tau,1776.9168320084111,0.997682563522362,1772.7989401241857,-0.23174364776380463,inherited_v47_LO_numeric_witness
