lepton,Phi_v43_MeV,pole_reference_MeV,absolute_residual_MeV,relative_residual_percent,APF_envelope_percent,residual_over_envelope,completion_status
e,0.511002635788531,0.510998950000000,3.685788531160306e-06,0.000721290822840,0.019751135690302,0.036518954360405,inside_APF_envelope_pole_completion_admitted
mu,105.658243985341997,105.658375500000005,-1.315146580083137e-04,-0.000124471588159,0.019751135690302,0.006301996508512,inside_APF_envelope_pole_completion_admitted
tau,1776.916832008411120,1776.930000000000064,-1.316799158894355e-02,-0.000741052916488,0.019751135690302,0.037519509161768,inside_APF_envelope_pole_completion_admitted
