lepton,Phi_pole_LO_MeV_v41,Z_shape_factor_v42,Z_scalar_factor,Z_total_factor_v43,Phi_v43_MeV,diagnostic_pole_reference_MeV,absolute_residual_MeV,relative_residual_percent,residual_status
e,0.526765003982,0.969885457593039,1.000197530863555,0.970077039905027,0.511002635789,0.510998950,0.000003685789,0.000721291,sub_1e_minus_3_percent_residual_channel
mu,106.728287257048,0.989778624373040,1.000197530863555,0.989974136199441,105.658243985342,105.658375500,-0.000131514658,-0.000124472,sub_1e_minus_3_percent_residual_channel
tau,1705.453337061343,1.041697164504157,1.000197530863555,1.041902931844624,1776.916832008411,1776.930000000,-0.013167991589,-0.000741053,sub_1e_minus_3_percent_residual_channel
