lepton,pole_v43_MeV,codata2022_pole_MeV,pole_residual_percent,alpha_over_pi,msbar_LO_selfscale_MeV,status
e,0.511002635789,0.510998950690,0.000721155884,0.002322819464195,0.509818419641,LO_QED_selfscale_evaluator_closed
mu,105.658243985342,105.658375500000,-0.000124471588,0.002322819464195,105.413387716567,LO_QED_selfscale_evaluator_closed
tau,1776.916832008411,1776.860000000000,0.003198451674,0.002322819464195,1772.798940124185,LO_QED_selfscale_evaluator_closed
