lepton,Phi_v43_MeV,CODATA2022_reference_MeV,CODATA_uncertainty_MeV,absolute_residual_MeV,relative_residual_percent,APF_envelope_percent,alpha_over_pi,two_loop_scale_percent,combined_APF_plus_truncation_percent,residual_over_combined_envelope,status
e,0.5110026357885311,0.51099895069,1.6e-10,3.6850985311032147e-06,0.0007211557922236904,0.019751135690302193,0.0023228194641953287,0.0005395490263244674,0.019758503845396208,0.036498502005338926,inside_combined_APF_QED_envelope
mu,105.658243985342,105.6583755,2.3e-06,-0.00013151465800831375,-0.00012447158815943914,0.019751135690302193,0.0023228194641953287,0.0005395490263244674,0.019758503845396208,0.0062996464273503885,inside_combined_APF_QED_envelope
tau,1776.9168320084111,1776.86,0.12,0.05683200841122016,0.003198451673807737,0.019751135690302193,0.0023228194641953287,0.0005395490263244674,0.019758503845396208,0.1618772199977574,inside_combined_APF_QED_envelope
