quark,engine,m0_GeV,mu0_GeV,mu1_GeV,nf,alpha0,alpha1_LO,mass_target_LO_GeV,sigma_LO_GeV,status
b,internal_LO_scaffold,4.177490455927,4.177490455927,10.000000000000,5,0.223000000000,0.180200450083,3.737911682909,0.013957196361,closed_LO_scaffold
c,internal_LO_scaffold,1.272334177712,1.272334177712,3.000000000000,4,0.380000000000,0.265307067708,1.070790477803,0.012471289434,closed_LO_scaffold
