loop_order,delta_GeV,m_t_MSR_REW_GeV,residual_vs_direct_GeV,z_vs_direct_sigma
1,4.115816738146075,172.284872531946064,-0.275127468053938,-0.887507961464317
2,4.547830504047322,172.716886297847310,0.156886297847308,0.506084831765509
3,4.565786145283413,172.734841939083424,0.174841939083421,0.564006255107811
4,4.547749855685982,172.716805649485991,0.156805649485989,0.505824675761254
