quark,m0_GeV,mu0_GeV,mu1_GeV,nf,alpha0,alpha1_4loop_fixed_nf,mass_target_4loop_fixed_nf_GeV,mass_ratio,status
b,4.177490455927,4.177490455927,10.0,5,0.223,0.17720809745708266,3.637640144572641,0.8707716230474154,4loop_fixed_nf_closed
c,1.272334177712,1.272334177712,3.0,4,0.38,0.2506713935272896,0.9923212923930383,0.7799219024183565,4loop_fixed_nf_closed
