case,m0_GeV,mu0_GeV,mu1_GeV,nf_mass,alpha0_from_MZ,alpha1,mass_result_GeV,mass_ratio
b_APF_to_10GeV,4.177490455927,4.177490455927,10.0,5,0.22810693284895198,0.18034846867202772,3.62505496939129,0.86775900690523
c_APF_to_3GeV,1.272334177712,1.272334177712,3.0,4,0.3977811577835508,0.2575869836500778,0.979226596181155,0.7696300337872465
