audit,apf_value_GeV,external_value_GeV,sigma_GeV,delta_GeV,delta_MeV,percent_delta,z_score,inside_one_sigma
PDG_2025_world_average,80.362164334000,80.369200000000,0.013300000000,-0.007035666000,-7.035666000,-0.008754181950,-0.528997443610,True
CMS_2026_Nature,80.362164334000,80.360200000000,0.009900000000,0.001964334000,1.964334000,0.002444411537,0.198417575757,True
